{
  "generatedAt": "2026-05-12T09:27:24.662Z",
  "modelId": "INTRASEASON_FEE_COMPARISON_V1",
  "quoteModelName": "ROLE_BONUS_SENSITIVE",
  "warning": "Quotazioni sintetiche, risultati esplorativi. La commissione vendita 2% e 1.25% influisce sul ROI netto del partecipante e sul ricavo piattaforma.",
  "scenarioA": {
    "label": "Vendita 1.25% (originale)",
    "sellFeePct": 1.25
  },
  "scenarioB": {
    "label": "Vendita 2.00% (V1 proposto)",
    "sellFeePct": 2
  },
  "completedSeasons": [
    "2023/24",
    "2024/25"
  ],
  "completedStatsA": [
    {
      "scenario": "A",
      "scenarioLabel": "Vendita 1.25% (originale)",
      "sellFeePct": 1.25,
      "strategy": "HOLD",
      "avgROI": 5.296938571895629,
      "medianROI": 5.296938571895629,
      "bestROI": 8.541633763380013,
      "worstROI": 2.0522433804112556,
      "pctAbove0": 100,
      "pctAbove7": 50,
      "pctAbove10": 0,
      "avgTrades": 0,
      "avgCommissions": 0.8564707060389053,
      "avgPlatformRevenue": 0.08564707060389053,
      "avgDeltaVsHold": 0
    },
    {
      "scenario": "A",
      "scenarioLabel": "Vendita 1.25% (originale)",
      "sellFeePct": 1.25,
      "strategy": "VALUE_ROTATION",
      "avgROI": -24.63068778021698,
      "medianROI": -24.63068778021698,
      "bestROI": 4.020462847212198,
      "worstROI": -57.13798439929527,
      "pctAbove0": 11.11111111111111,
      "pctAbove7": 0,
      "pctAbove10": 0,
      "avgTrades": 24,
      "avgCommissions": 4.102711906418906,
      "avgPlatformRevenue": 0.4102711906418901,
      "avgDeltaVsHold": -29.927626352112615
    },
    {
      "scenario": "A",
      "scenarioLabel": "Vendita 1.25% (originale)",
      "sellFeePct": 1.25,
      "strategy": "MOMENTUM",
      "avgROI": -57.47740435734368,
      "medianROI": -57.47740435734368,
      "bestROI": -18.986979599814976,
      "worstROI": -89.79805655133532,
      "pctAbove0": 0,
      "pctAbove7": 0,
      "pctAbove10": 0,
      "avgTrades": 24,
      "avgCommissions": 21.04094628850719,
      "avgPlatformRevenue": 2.104094628850719,
      "avgDeltaVsHold": -62.77434292923923
    },
    {
      "scenario": "A",
      "scenarioLabel": "Vendita 1.25% (originale)",
      "sellFeePct": 1.25,
      "strategy": "STOP_LOSS",
      "avgROI": 4.585636172715883,
      "medianROI": 4.585636172715883,
      "bestROI": 8.541633763380013,
      "worstROI": -2.2155710146672294,
      "pctAbove0": 83.33333333333333,
      "pctAbove7": 50,
      "pctAbove10": 0,
      "avgTrades": 0.16666666666666666,
      "avgCommissions": 0.8650046806539399,
      "avgPlatformRevenue": 0.08650046806539399,
      "avgDeltaVsHold": -0.7113023991797478
    },
    {
      "scenario": "A",
      "scenarioLabel": "Vendita 1.25% (originale)",
      "sellFeePct": 1.25,
      "strategy": "TAKE_PROFIT",
      "avgROI": -37.39622182117259,
      "medianROI": -37.39622182117259,
      "bestROI": -22.412601943218785,
      "worstROI": -50.90165810170717,
      "pctAbove0": 0,
      "pctAbove7": 0,
      "pctAbove10": 0,
      "avgTrades": 8.11111111111111,
      "avgCommissions": 18.74472754226385,
      "avgPlatformRevenue": 1.8744727542263857,
      "avgDeltaVsHold": -42.693160393068226
    },
    {
      "scenario": "A",
      "scenarioLabel": "Vendita 1.25% (originale)",
      "sellFeePct": 1.25,
      "strategy": "HYBRID_VALUE_MOMENTUM",
      "avgROI": -15.04255819912171,
      "medianROI": -15.04255819912171,
      "bestROI": 2.657992397576633,
      "worstROI": -28.89237167516591,
      "pctAbove0": 22.22222222222222,
      "pctAbove7": 0,
      "pctAbove10": 0,
      "avgTrades": 5.833333333333333,
      "avgCommissions": 1.4711886603002158,
      "avgPlatformRevenue": 0.1471188660300218,
      "avgDeltaVsHold": -20.339496771017345
    }
  ],
  "completedStatsB": [
    {
      "scenario": "B",
      "scenarioLabel": "Vendita 2.00% (V1 proposto)",
      "sellFeePct": 2,
      "strategy": "HOLD",
      "avgROI": 4.49721498780528,
      "medianROI": 4.49721498780528,
      "bestROI": 7.7172669246707954,
      "worstROI": 1.2771630509397696,
      "pctAbove0": 100,
      "pctAbove7": 50,
      "pctAbove10": 0,
      "avgTrades": 0,
      "avgCommissions": 1.0643531296622493,
      "avgPlatformRevenue": 0.10643531296622477,
      "avgDeltaVsHold": 0
    },
    {
      "scenario": "B",
      "scenarioLabel": "Vendita 2.00% (V1 proposto)",
      "sellFeePct": 2,
      "strategy": "VALUE_ROTATION",
      "avgROI": -25.3437642727581,
      "medianROI": -25.3437642727581,
      "bestROI": 3.135169508767368,
      "worstROI": -57.63862157779811,
      "pctAbove0": 11.11111111111111,
      "pctAbove7": 0,
      "pctAbove10": 0,
      "avgTrades": 24,
      "avgCommissions": 4.980339050270245,
      "avgPlatformRevenue": 0.49803390502702516,
      "avgDeltaVsHold": -29.840979260563355
    },
    {
      "scenario": "B",
      "scenarioLabel": "Vendita 2.00% (V1 proposto)",
      "sellFeePct": 2,
      "strategy": "MOMENTUM",
      "avgROI": -57.802804143573866,
      "medianROI": -57.802804143573866,
      "bestROI": -19.602268362348024,
      "worstROI": -89.88069729178964,
      "pctAbove0": 0,
      "pctAbove7": 0,
      "pctAbove10": 0,
      "avgTrades": 24,
      "avgCommissions": 25.59218072827816,
      "avgPlatformRevenue": 2.559218072827817,
      "avgDeltaVsHold": -62.30001913137908
    },
    {
      "scenario": "B",
      "scenarioLabel": "Vendita 2.00% (V1 proposto)",
      "sellFeePct": 2,
      "strategy": "STOP_LOSS",
      "avgROI": 3.7868652046282527,
      "medianROI": 3.7868652046282527,
      "bestROI": 7.7172669246707954,
      "worstROI": -2.9849356481223945,
      "pctAbove0": 83.33333333333333,
      "pctAbove7": 50,
      "pctAbove10": 0,
      "avgTrades": 0.16666666666666666,
      "avgCommissions": 1.0740074890463047,
      "avgPlatformRevenue": 0.10740074890463032,
      "avgDeltaVsHold": -0.7103497831770275
    },
    {
      "scenario": "B",
      "scenarioLabel": "Vendita 2.00% (V1 proposto)",
      "sellFeePct": 2,
      "strategy": "TAKE_PROFIT",
      "avgROI": -37.875159370059066,
      "medianROI": -37.875159370059066,
      "bestROI": -23.00187332086522,
      "worstROI": -51.284124150817966,
      "pctAbove0": 0,
      "pctAbove7": 0,
      "pctAbove10": 0,
      "avgTrades": 8.11111111111111,
      "avgCommissions": 22.62223073428882,
      "avgPlatformRevenue": 2.2622230734288826,
      "avgDeltaVsHold": -42.372374357864345
    },
    {
      "scenario": "B",
      "scenarioLabel": "Vendita 2.00% (V1 proposto)",
      "sellFeePct": 2,
      "strategy": "HYBRID_VALUE_MOMENTUM",
      "avgROI": -15.778154511664074,
      "medianROI": -15.778154511664074,
      "bestROI": 1.7529451229679562,
      "worstROI": -29.499229250689655,
      "pctAbove0": 22.22222222222222,
      "pctAbove7": 0,
      "pctAbove10": 0,
      "avgTrades": 5.833333333333333,
      "avgCommissions": 1.78523518981368,
      "avgPlatformRevenue": 0.1785235189813679,
      "avgDeltaVsHold": -20.27536949946937
    }
  ],
  "deltas": [
    {
      "strategy": "HOLD",
      "deltaROI": -0.7997235840903496,
      "deltaCommissions": 0.20788242362334397,
      "deltaPlatformRevenue": 0.020788242362334244,
      "deltaVsHoldChange": 0
    },
    {
      "strategy": "VALUE_ROTATION",
      "deltaROI": -0.7130764925411199,
      "deltaCommissions": 0.8776271438513383,
      "deltaPlatformRevenue": 0.08776271438513505,
      "deltaVsHoldChange": 0.08664709154925987
    },
    {
      "strategy": "MOMENTUM",
      "deltaROI": -0.32539978623018584,
      "deltaCommissions": 4.551234439770969,
      "deltaPlatformRevenue": 0.45512344397709814,
      "deltaVsHoldChange": 0.47432379786015133
    },
    {
      "strategy": "STOP_LOSS",
      "deltaROI": -0.7987709680876307,
      "deltaCommissions": 0.20900280839236485,
      "deltaPlatformRevenue": 0.020900280839236327,
      "deltaVsHoldChange": 0.0009526160027203412
    },
    {
      "strategy": "TAKE_PROFIT",
      "deltaROI": -0.47893754888647777,